{
  "id": "3958033",
  "name": "一轮",
  "font_family": "iconfont",
  "css_prefix_text": "icon-",
  "description": "",
  "glyphs": [
    {
      "icon_id": "11372701",
      "name": "收藏",
      "font_class": "shoucang1",
      "unicode": "e8ba",
      "unicode_decimal": 59578
    },
    {
      "icon_id": "11372777",
      "name": "收藏",
      "font_class": "shoucang2",
      "unicode": "e8c6",
      "unicode_decimal": 59590
    },
    {
      "icon_id": "24111616",
      "name": "喜欢",
      "font_class": "xihuan",
      "unicode": "fb08",
      "unicode_decimal": 64264
    },
    {
      "icon_id": "25687494",
      "name": "喜欢",
      "font_class": "xihuan1",
      "unicode": "ff47",
      "unicode_decimal": 65351
    },
    {
      "icon_id": "15330223",
      "name": "点赞收藏",
      "font_class": "dianzanshoucang",
      "unicode": "e642",
      "unicode_decimal": 58946
    },
    {
      "icon_id": "11372687",
      "name": "评论",
      "font_class": "pinglun",
      "unicode": "e8b4",
      "unicode_decimal": 59572
    },
    {
      "icon_id": "13644715",
      "name": "收藏",
      "font_class": "shoucang",
      "unicode": "e603",
      "unicode_decimal": 58883
    },
    {
      "icon_id": "10452674",
      "name": "tuichu",
      "font_class": "tuichu",
      "unicode": "e613",
      "unicode_decimal": 58899
    },
    {
      "icon_id": "14732",
      "name": "向下",
      "font_class": "xiangxia",
      "unicode": "e601",
      "unicode_decimal": 58881
    },
    {
      "icon_id": "14733",
      "name": "向上",
      "font_class": "xiangshang",
      "unicode": "e602",
      "unicode_decimal": 58882
    },
    {
      "icon_id": "915603",
      "name": "发布",
      "font_class": "fabu",
      "unicode": "e670",
      "unicode_decimal": 58992
    },
    {
      "icon_id": "2675009",
      "name": "首页",
      "font_class": "shouye",
      "unicode": "e62e",
      "unicode_decimal": 58926
    },
    {
      "icon_id": "11372674",
      "name": "关注",
      "font_class": "guanzhu",
      "unicode": "e8b1",
      "unicode_decimal": 59569
    },
    {
      "icon_id": "11372716",
      "name": "我的",
      "font_class": "wode",
      "unicode": "e8bb",
      "unicode_decimal": 59579
    },
    {
      "icon_id": "11755490",
      "name": "周边商家",
      "font_class": "peizhitubiaosvg-",
      "unicode": "e65f",
      "unicode_decimal": 58975
    },
    {
      "icon_id": "4765896",
      "name": "eye",
      "font_class": "eye",
      "unicode": "e78f",
      "unicode_decimal": 59279
    },
    {
      "icon_id": "15838471",
      "name": "eye-close",
      "font_class": "eye-close",
      "unicode": "e66f",
      "unicode_decimal": 58991
    },
    {
      "icon_id": "1727541",
      "name": "308上一页、后退、返回",
      "font_class": "shangyiyehoutuifanhui",
      "unicode": "e8ef",
      "unicode_decimal": 59631
    },
    {
      "icon_id": "8106272",
      "name": "next",
      "font_class": "next",
      "unicode": "e6a2",
      "unicode_decimal": 59042
    },
    {
      "icon_id": "6548528",
      "name": "点赞",
      "font_class": "dianzan",
      "unicode": "e653",
      "unicode_decimal": 58963
    },
    {
      "icon_id": "9567587",
      "name": "more",
      "font_class": "more1",
      "unicode": "e600",
      "unicode_decimal": 58880
    },
    {
      "icon_id": "109764",
      "name": "more",
      "font_class": "more",
      "unicode": "e633",
      "unicode_decimal": 58931
    },
    {
      "icon_id": "11372706",
      "name": "搜索",
      "font_class": "sousuo",
      "unicode": "e8b9",
      "unicode_decimal": 59577
    },
    {
      "icon_id": "380040",
      "name": "iconfont-5",
      "font_class": "iconfont5",
      "unicode": "e63a",
      "unicode_decimal": 58938
    },
    {
      "icon_id": "749800",
      "name": "iconfont-youhuiquan",
      "font_class": "iconfontyouhuiquan",
      "unicode": "e627",
      "unicode_decimal": 58919
    },
    {
      "icon_id": "749801",
      "name": "iconfont-xingxing",
      "font_class": "iconfontxingxing",
      "unicode": "e628",
      "unicode_decimal": 58920
    },
    {
      "icon_id": "749802",
      "name": "iconfont-mingpian",
      "font_class": "iconfontmingpian",
      "unicode": "e629",
      "unicode_decimal": 58921
    },
    {
      "icon_id": "749803",
      "name": "iconfont-shouji",
      "font_class": "iconfontshouji",
      "unicode": "e62a",
      "unicode_decimal": 58922
    },
    {
      "icon_id": "749805",
      "name": "iconfont-riyongbaihuo",
      "font_class": "iconfontriyongbaihuo",
      "unicode": "e62c",
      "unicode_decimal": 58924
    },
    {
      "icon_id": "749813",
      "name": "iconfont-phone",
      "font_class": "iconfontphone",
      "unicode": "e634",
      "unicode_decimal": 58932
    },
    {
      "icon_id": "749815",
      "name": "iconfont-qicheyongpin",
      "font_class": "iconfontqicheyongpin",
      "unicode": "e636",
      "unicode_decimal": 58934
    },
    {
      "icon_id": "749818",
      "name": "iconfont-jixieqimo",
      "font_class": "iconfontjixieqimo",
      "unicode": "e639",
      "unicode_decimal": 58937
    },
    {
      "icon_id": "749821",
      "name": "iconfont-huangguan",
      "font_class": "iconfonthuangguan",
      "unicode": "e63c",
      "unicode_decimal": 58940
    },
    {
      "icon_id": "749822",
      "name": "iconfont-shipin",
      "font_class": "iconfontshipin",
      "unicode": "e63d",
      "unicode_decimal": 58941
    },
    {
      "icon_id": "749826",
      "name": "iconfont-wujingongju",
      "font_class": "iconfontwujingongju",
      "unicode": "e641",
      "unicode_decimal": 58945
    },
    {
      "icon_id": "749833",
      "name": "iconfont-yundonghuwai",
      "font_class": "iconfontyundonghuwai",
      "unicode": "e647",
      "unicode_decimal": 58951
    },
    {
      "icon_id": "749835",
      "name": "iconfont-gongyichongwu",
      "font_class": "iconfontgongyichongwu",
      "unicode": "e649",
      "unicode_decimal": 58953
    },
    {
      "icon_id": "749836",
      "name": "iconfont-gangcai",
      "font_class": "iconfontgangcai",
      "unicode": "e64a",
      "unicode_decimal": 58954
    },
    {
      "icon_id": "749839",
      "name": "iconfont-fuwushichang",
      "font_class": "iconfontfuwushichang",
      "unicode": "e64d",
      "unicode_decimal": 58957
    },
    {
      "icon_id": "749842",
      "name": "iconfont-baozhuang",
      "font_class": "iconfontbaozhuang",
      "unicode": "e650",
      "unicode_decimal": 58960
    },
    {
      "icon_id": "749843",
      "name": "iconfont-anquanfanghu",
      "font_class": "iconfontanquanfanghu",
      "unicode": "e651",
      "unicode_decimal": 58961
    },
    {
      "icon_id": "1238151",
      "name": "iconfont-shanzi",
      "font_class": "iconfont-shanzi",
      "unicode": "e6c7",
      "unicode_decimal": 59079
    },
    {
      "icon_id": "12578775",
      "name": "blackboard",
      "font_class": "blackboard",
      "unicode": "e69a",
      "unicode_decimal": 59034
    }
  ]
}
